Designator,Val,Package,Mid X,Mid Y,Rotation,Layer
C1,100uF 6.3V,C_1206_3216Metric,44.75,4.25,25,top
C2,1uF,C_0603_1608Metric,54,40.75,90,top
C3,0.1uF,C_0603_1608Metric,49.75,40.75,90,top
C4,0.1uF,C_0603_1608Metric,58.25,40.75,90,top
C5,1.0uF,C_0603_1608Metric,51,9,0,top
C6,2.2uF,C_0603_1608Metric,57.75,21.25,90,top
C7,1uF,C_0603_1608Metric,32,57,270,top
C8,0.1uF,C_0603_1608Metric,16,35.25,90,top
C9,0.1uF,C_0603_1608Metric,10,20,180,top
C10,10uF,C_0603_1608Metric,11,18,180,top
C11,10uF,C_0603_1608Metric,12,16,180,top
D1.1,LED,LED_0603_For_Blinky,44.65,50,0,top
D1.2,LED,LED_0603_For_Blinky,44.65,47.333334,0,top
D1.3,LED,LED_0603_For_Blinky,44.65,44.666668,0,top
D1.4,LED,LED_0603_For_Blinky,44.65,42.000002,0,top
D1.5,LED,LED_0603_For_Blinky,44.65,39.333336,0,top
D1.6,LED,LED_0603_For_Blinky,44.65,36.66667,0,top
D1.7,LED,LED_0603_For_Blinky,44.65,34.000004,0,top
D1.8,LED,LED_0603_For_Blinky,44.65,31.333338,0,top
D1.9,LED,LED_0603_For_Blinky,44.65,28.666672,0,top
D1.10,LED,LED_0603_For_Blinky,44.65,26.000006,0,top
D1.11,LED,LED_0603_For_Blinky,44.65,23.33334,0,top
D1.12,LED,LED_0603_For_Blinky,44.65,20.666674,0,top
D1.13,LED,LED_0603_For_Blinky,44.65,18.000008,0,top
D1.14,LED,LED_0603_For_Blinky,44.65,15.333342,0,top
D1.15,LED,LED_0603_For_Blinky,44.65,12.666676,0,top
D1.16,LED,LED_0603_For_Blinky,44.65,10.00001,0,top
D2.1,LED,LED_0603_For_Blinky,41.98,50,0,top
D2.2,LED,LED_0603_For_Blinky,41.98,47.333334,0,top
D2.3,LED,LED_0603_For_Blinky,41.98,44.666668,0,top
D2.4,LED,LED_0603_For_Blinky,41.98,42.000002,0,top
D2.5,LED,LED_0603_For_Blinky,41.98,39.333336,0,top
D2.6,LED,LED_0603_For_Blinky,41.98,36.66667,0,top
D2.7,LED,LED_0603_For_Blinky,41.98,34.000004,0,top
D2.8,LED,LED_0603_For_Blinky,41.98,31.333338,0,top
D2.9,LED,LED_0603_For_Blinky,41.98,28.666672,0,top
D2.10,LED,LED_0603_For_Blinky,41.98,26.000006,0,top
D2.11,LED,LED_0603_For_Blinky,41.98,23.33334,0,top
D2.12,LED,LED_0603_For_Blinky,41.98,20.666674,0,top
D2.13,LED,LED_0603_For_Blinky,41.98,18.000008,0,top
D2.14,LED,LED_0603_For_Blinky,41.98,15.333342,0,top
D2.15,LED,LED_0603_For_Blinky,41.98,12.666676,0,top
D2.16,LED,LED_0603_For_Blinky,41.98,10.00001,0,top
D3.1,LED,LED_0603_For_Blinky,39.31,50,0,top
D3.2,LED,LED_0603_For_Blinky,39.31,47.333334,0,top
D3.3,LED,LED_0603_For_Blinky,39.31,44.666668,0,top
D3.4,LED,LED_0603_For_Blinky,39.31,42.000002,0,top
D3.5,LED,LED_0603_For_Blinky,39.31,39.333336,0,top
D3.6,LED,LED_0603_For_Blinky,39.31,36.66667,0,top
D3.7,LED,LED_0603_For_Blinky,39.31,34.000004,0,top
D3.8,LED,LED_0603_For_Blinky,39.31,31.333338,0,top
D3.9,LED,LED_0603_For_Blinky,39.31,28.666672,0,top
D3.10,LED,LED_0603_For_Blinky,39.31,26.000006,0,top
D3.11,LED,LED_0603_For_Blinky,39.31,23.33334,0,top
D3.12,LED,LED_0603_For_Blinky,39.31,20.666674,0,top
D3.13,LED,LED_0603_For_Blinky,39.31,18.000008,0,top
D3.14,LED,LED_0603_For_Blinky,39.31,15.333342,0,top
D3.15,LED,LED_0603_For_Blinky,39.31,12.666676,0,top
D3.16,LED,LED_0603_For_Blinky,39.31,10.00001,0,top
D4.1,LED,LED_0603_For_Blinky,36.65,50,0,top
D4.2,LED,LED_0603_For_Blinky,36.65,47.333334,0,top
D4.3,LED,LED_0603_For_Blinky,36.65,44.666668,0,top
D4.4,LED,LED_0603_For_Blinky,36.65,42.000002,0,top
D4.5,LED,LED_0603_For_Blinky,36.65,39.333336,0,top
D4.6,LED,LED_0603_For_Blinky,36.65,36.66667,0,top
D4.7,LED,LED_0603_For_Blinky,36.65,34.000004,0,top
D4.8,LED,LED_0603_For_Blinky,36.65,31.333338,0,top
D4.9,LED,LED_0603_For_Blinky,36.65,28.666672,0,top
D4.10,LED,LED_0603_For_Blinky,36.65,26.000006,0,top
D4.11,LED,LED_0603_For_Blinky,36.65,23.33334,0,top
D4.12,LED,LED_0603_For_Blinky,36.65,20.666674,0,top
D4.13,LED,LED_0603_For_Blinky,36.65,18.000008,0,top
D4.14,LED,LED_0603_For_Blinky,36.65,15.333342,0,top
D4.15,LED,LED_0603_For_Blinky,36.65,12.666676,0,top
D4.16,LED,LED_0603_For_Blinky,36.65,10.00001,0,top
D5.1,LED,LED_0603_For_Blinky,33.98,50,0,top
D5.2,LED,LED_0603_For_Blinky,33.98,47.333334,0,top
D5.3,LED,LED_0603_For_Blinky,33.98,44.666668,0,top
D5.4,LED,LED_0603_For_Blinky,33.98,42.000002,0,top
D5.5,LED,LED_0603_For_Blinky,33.98,39.333336,0,top
D5.6,LED,LED_0603_For_Blinky,33.98,36.66667,0,top
D5.7,LED,LED_0603_For_Blinky,33.98,34.000004,0,top
D5.8,LED,LED_0603_For_Blinky,33.98,31.333338,0,top
D5.9,LED,LED_0603_For_Blinky,33.98,28.666672,0,top
D5.10,LED,LED_0603_For_Blinky,33.98,26.000006,0,top
D5.11,LED,LED_0603_For_Blinky,33.98,23.33334,0,top
D5.12,LED,LED_0603_For_Blinky,33.98,20.666674,0,top
D5.13,LED,LED_0603_For_Blinky,33.98,18.000008,0,top
D5.14,LED,LED_0603_For_Blinky,33.98,15.333342,0,top
D5.15,LED,LED_0603_For_Blinky,33.98,12.666676,0,top
D5.16,LED,LED_0603_For_Blinky,33.98,10.00001,0,top
D6.1,LED,LED_0603_For_Blinky,31.31,50,0,top
D6.2,LED,LED_0603_For_Blinky,31.31,47.333334,0,top
D6.3,LED,LED_0603_For_Blinky,31.31,44.666668,0,top
D6.4,LED,LED_0603_For_Blinky,31.31,42.000002,0,top
D6.5,LED,LED_0603_For_Blinky,31.31,39.333336,0,top
D6.6,LED,LED_0603_For_Blinky,31.31,36.66667,0,top
D6.7,LED,LED_0603_For_Blinky,31.31,34.000004,0,top
D6.8,LED,LED_0603_For_Blinky,31.31,31.333338,0,top
D6.9,LED,LED_0603_For_Blinky,31.31,28.666672,0,top
D6.10,LED,LED_0603_For_Blinky,31.31,26.000006,0,top
D6.11,LED,LED_0603_For_Blinky,31.31,23.33334,0,top
D6.12,LED,LED_0603_For_Blinky,31.31,20.666674,0,top
D6.13,LED,LED_0603_For_Blinky,31.31,18.000008,0,top
D6.14,LED,LED_0603_For_Blinky,31.31,15.333342,0,top
D6.15,LED,LED_0603_For_Blinky,31.31,12.666676,0,top
D6.16,LED,LED_0603_For_Blinky,31.31,10.00001,0,top
D7.1,LED,LED_0603_For_Blinky,28.65,50,0,top
D7.2,LED,LED_0603_For_Blinky,28.65,47.333334,0,top
D7.3,LED,LED_0603_For_Blinky,28.65,44.666668,0,top
D7.4,LED,LED_0603_For_Blinky,28.65,42.000002,0,top
D7.5,LED,LED_0603_For_Blinky,28.65,39.333336,0,top
D7.6,LED,LED_0603_For_Blinky,28.65,36.66667,0,top
D7.7,LED,LED_0603_For_Blinky,28.65,34.000004,0,top
D7.8,LED,LED_0603_For_Blinky,28.65,31.333338,0,top
D7.9,LED,LED_0603_For_Blinky,28.65,28.666672,0,top
D7.10,LED,LED_0603_For_Blinky,28.65,26.000006,0,top
D7.11,LED,LED_0603_For_Blinky,28.65,23.33334,0,top
D7.12,LED,LED_0603_For_Blinky,28.65,20.666674,0,top
D7.13,LED,LED_0603_For_Blinky,28.65,18.000008,0,top
D7.14,LED,LED_0603_For_Blinky,28.65,15.333342,0,top
D7.15,LED,LED_0603_For_Blinky,28.65,12.666676,0,top
D7.16,LED,LED_0603_For_Blinky,28.65,10.00001,0,top
D8.1,LED,LED_0603_For_Blinky,25.98,50,0,top
D8.2,LED,LED_0603_For_Blinky,25.98,47.333334,0,top
D8.3,LED,LED_0603_For_Blinky,25.98,44.666668,0,top
D8.4,LED,LED_0603_For_Blinky,25.98,42.000002,0,top
D8.5,LED,LED_0603_For_Blinky,25.98,39.333336,0,top
D8.6,LED,LED_0603_For_Blinky,25.98,36.66667,0,top
D8.7,LED,LED_0603_For_Blinky,25.98,34.000004,0,top
D8.8,LED,LED_0603_For_Blinky,25.98,31.333338,0,top
D8.9,LED,LED_0603_For_Blinky,25.98,28.666672,0,top
D8.10,LED,LED_0603_For_Blinky,25.98,26.000006,0,top
D8.11,LED,LED_0603_For_Blinky,25.98,23.33334,0,top
D8.12,LED,LED_0603_For_Blinky,25.98,20.666674,0,top
D8.13,LED,LED_0603_For_Blinky,25.98,18.000008,0,top
D8.14,LED,LED_0603_For_Blinky,25.98,15.333342,0,top
D8.15,LED,LED_0603_For_Blinky,25.98,12.666676,0,top
D8.16,LED,LED_0603_For_Blinky,25.98,10.00001,0,top
D9.1,LED,LED_0603_For_Blinky,23.31,50,0,top
D9.2,LED,LED_0603_For_Blinky,23.31,47.333334,0,top
D9.3,LED,LED_0603_For_Blinky,23.31,44.666668,0,top
D9.4,LED,LED_0603_For_Blinky,23.31,42.000002,0,top
D9.5,LED,LED_0603_For_Blinky,23.31,39.333336,0,top
D9.6,LED,LED_0603_For_Blinky,23.31,36.66667,0,top
D9.7,LED,LED_0603_For_Blinky,23.31,34.000004,0,top
D9.8,LED,LED_0603_For_Blinky,23.31,31.333338,0,top
D9.9,LED,LED_0603_For_Blinky,23.31,28.666672,0,top
D9.10,LED,LED_0603_For_Blinky,23.31,26.000006,0,top
D9.11,LED,LED_0603_For_Blinky,23.31,23.33334,0,top
D9.12,LED,LED_0603_For_Blinky,23.31,20.666674,0,top
D9.13,LED,LED_0603_For_Blinky,23.31,18.000008,0,top
D9.14,LED,LED_0603_For_Blinky,23.31,15.333342,0,top
D9.15,LED,LED_0603_For_Blinky,23.31,12.666676,0,top
D9.16,LED,LED_0603_For_Blinky,23.31,10.00001,0,top
D145,IR LED,LED_0805_2012Metric,37,68,0,top
FID1,Fiducial,Fiducial_1mm_Mask2mm,2.5,27,0,top
FID2,Fiducial,Fiducial_1mm_Mask2mm,65.5,32,0,top
FID3,Fiducial,Fiducial_1mm_Mask2mm,65.5,14,0,top
R1,10kΩ,R_0603_1608Metric,54,48,0,top
R2,330Ω,R_0603_1608Metric,56,44,0,top
R3,47Ω,R_0603_1608Metric,34,57,90,top
R4,470Ω,R_0603_1608Metric,36,57,90,top
R5,20K,R_0603_1608Metric,16,10,180,top
R6,20K,R_0603_1608Metric,13,14,180,top
R7,20K,R_0603_1608Metric,14.425,12,0,top
R8,20K,R_0603_1608Metric,10,35.25,270,top
R9,20K,R_0603_1608Metric,12,35.25,270,top
R10,20K,R_0603_1608Metric,14,35.25,90,top
U4,IS31FL3731-SALS2,SSOP-28_5.3x10.2mm_P0.65mm,14,27,90,top